8,-8,0,8,4
0.574956,-0.176697,0.569096,-0.182424,0.567668,-0.186012,0.566124,-0.189737,0.564446,-0.193604,0.562614,-0.197623,0.560601,-0.201802,0.558372,-0.206149,0.55588,-0.210674,0.553063,-0.215387,0.549829,-0.2203,0.546044,-0.225423,0.5415,-0.230769,0.535862,-0.220727,0.548951,-0.226559,0.54622,-0.232657,0.543275,-0.239035,0.540096,-0.245712,0.536656,-0.252703,0.532931,-0.260029,0.528888,-0.267708,0.524494,-0.275761,0.519711,-0.284208,0.514496,-0.293072,0.508799,-0.302374,0.502566,-0.312136,0.495736,-0.322377,0.48824,-0.333118,0.48,-0.344375,0.47093,-0.356162,0.460933,-0.368486,0.449903,-0.381348,0.437722,-0.39474,0.424264,-0.408639,0.409391,-0.423008,0.408583,-0.437788,0.387163,-0.468521,0.364818,-0.483843,0.341085,-0.49923,0.315642,-0.514496,0.28827,-0.529412,0.258833,-0.54371,0.227279,-0.557086,0.189737,-0.565304,0.154598,-0.575835,0.11767,-0.584442,0.0792982,-0.59083,0.0399114,-0.594765,-0,-0.596094,-0.0399114,-0.594765,-0.0792982,-0.59083,-0.11767,-0.584442,-0.154598,-0.575835,-0.189737,-0.565304,-0.222834,-0.55318,-0.257191,-0.54025,
0.578268,-0.165732,0.572531,-0.171286,0.571234,-0.174697,0.569828,-0.17824,0.568295,-0.181922,0.566617,-0.185752,0.564766,-0.189737,0.562708,-0.193886,0.560398,-0.19821,0.557772,-0.202719,0.554741,-0.207423,0.551172,-0.212335,0.546857,-0.217468,0.541461,-0.222834,0.534399,-0.208042,0.552349,-0.213922,0.549694,-0.220083,0.546822,-0.226544,0.54371,-0.233323,0.540331,-0.240441,0.536656,-0.24792,0.532653,-0.255782,0.528283,-0.264052,0.523504,-0.272754,0.518267,-0.281914,0.512519,-0.29156,0.506197,-0.301717,0.49923,-0.312412,0.491539,-0.323669,0.483034,-0.335511,0.473611,-0.347956,0.463158,-0.361016,0.451546,-0.374695,0.438633,-0.388983,0.444672,-0.403856,0.423896,-0.439676,0.402821,-0.455554,0.380693,-0.471791,0.357007,-0.48824,0.331399,-0.504707,0.303601,-0.520946,0.27343,-0.536656,0.236352,-0.547043,0.201802,-0.560601,0.164833,-0.57247,0.125717,-0.582237,0.0848528,-0.589525,0.0427482,-0.594031,-0,-0.595556,-0.0427482,-0.594031,-0.0848528,-0.589525,-0.125717,-0.582237,-0.164833,-0.57247,-0.201802,-0.560601,-0.231907,-0.547043,-0.272234,-0.53275,
0.581403,-0.154582,0.575787,-0.159952,0.574616,-0.163174,0.573342,-0.166524,0.57195,-0.170008,0.570421,-0.173634,0.568727,-0.17741,0.566836,-0.181346,0.564703,-0.185452,0.562266,-0.189737,0.559434,-0.194213,0.556076,-0.198892,0.551987,-0.203787,0.54683,-0.208912,0.540023,-0.214282,0.530467,-0.192137,0.55588,-0.198048,0.553317,-0.204258,0.550533,-0.210787,0.547506,-0.217656,0.544205,-0.224889,0.540601,-0.232512,0.536656,-0.24055,0.53233,-0.249034,0.527575,-0.257992,0.522338,-0.267457,0.516556,-0.27746,0.510159,-0.288035,0.503066,-0.299215,0.495184,-0.311033,0.486408,-0.323517,0.476615,-0.336692,0.465668,-0.350578,0.481191,-0.365181,0.460084,-0.408271,0.439889,-0.424264,0.419314,-0.440882,0.397565,-0.458032,0.374091,-0.475574,0.34847,-0.493315,0.320376,-0.510995,0.28446,-0.523181,0.251435,-0.539674,0.215387,-0.554905,0.176452,-0.568365,0.134916,-0.579533,0.0912343,-0.587921,0.0460179,-0.593131,-0,-0.594898,-0.0460179,-0.593131,-0.0912343,-0.587921,-0.134916,-0.579533,-0.176452,-0.568365,-0.210285,-0.554905,-0.24699,-0.544776,-0.288366,-0.524376,
0.584353,-0.143254,0.578851,-0.14843,0.5778,-0.151453,0.576655,-0.154598,0.575398,-0.15787,0.574012,-0.161279,0.57247,-0.164833,0.57074,-0.168539,0.568779,-0.172409,0.566523,-0.176452,0.563885,-0.180679,0.560734,-0.185103,0.556864,-0.189737,0.551943,-0.194595,0.545386,-0.199692,0.536098,-0.205046,0.521798,-0.170674,0.559541,-0.176596,0.557086,-0.182834,0.55441,-0.189411,0.551487,-0.196352,0.548287,-0.203683,0.544776,-0.211435,0.540914,-0.219639,0.536656,-0.228328,0.531951,-0.23754,0.526737,-0.247311,0.520946,-0.257683,0.514496,-0.268697,0.507293,-0.280396,0.49923,-0.29282,0.490181,-0.30601,0.52,-0.32,0.496299,-0.374817,0.475962,-0.390475,0.456507,-0.406968,0.43661,-0.424264,0.415435,-0.442292,0.392375,-0.460933,0.366944,-0.48,0.33282,-0.493313,0.302323,-0.51235,0.268328,-0.530739,0.230769,-0.547929,0.189737,-0.563293,0.145521,-0.576168,0.0986394,-0.585919,0.0498273,-0.59201,-0,-0.594083,-0.0498273,-0.59201,-0.0986394,-0.585919,-0.145521,-0.576168,-0.183819,-0.563293,-0.225667,-0.553846,-0.263884,-0.536656,-0.306229,-0.514361,
0.587107,-0.131758,0.581713,-0.136731,0.580777,-0.139544,0.579753,-0.142472,0.578625,-0.145521,0.577375,-0.1487,0.575979,-0.152016,0.574404,-0.155477,0.572606,-0.159094,0.570525,-0.162876,0.568074,-0.166835,0.565122,-0.170982,0.561465,-0.175331,0.556771,-0.179896,0.550459,-0.184692,0.541432,-0.189737,0.527412,-0.195048,0.502957,-0.138146,0.563326,-0.144053,0.560999,-0.150293,0.558451,-0.156891,0.555655,-0.163878,0.55258,-0.171284,0.549189,-0.179143,0.545439,-0.187493,0.541281,-0.196373,0.536656,-0.205828,0.531499,-0.215904,0.52573,-0.226651,0.519256,-0.238122,0.511969,-0.25037,0.566242,-0.263451,0.534425,-0.339917,0.511621,-0.354818,0.492199,-0.370693,0.473657,-0.387565,0.454638,-0.405435,0.434264,-0.424264,0.411868,-0.443964,0.379943,-0.45743,0.352903,-0.478297,0.322125,-0.499252,0.287311,-0.519793,0.248282,-0.539275,0.205046,-0.556932,0.15787,-0.571914,0.107331,-0.583378,0.0543214,-0.590591,-0,-0.593056,-0.0543214,-0.590591,-0.107331,-0.583378,-0.150926,-0.571914,-0.199129,-0.563876,-0.24318,-0.54622,-0.282867,-0.526737,-0.326032,-0.502291,
0.589656,-0.120105,0.584364,-0.124865,0.583536,-0.127458,0.582626,-0.130158,0.58162,-0.132973,0.580499,-0.135908,0.579239,-0.138972,0.57781,-0.142174,0.576168,-0.145521,0.574254,-0.149025,0.57198,-0.152696,0.569218,-0.156545,0.565765,-0.160586,0.561289,-0.164833,0.555211,-0.1693,0.546437,-0.174004,0.532688,-0.178965,0.508525,-0.184202,0.458099,-0.0786255,0.567224,-0.0844833,0.565045,-0.0906907,0.562649,-0.0972775,0.560007,-0.104276,0.557086,-0.111723,0.553846,-0.119658,0.550242,-0.128125,0.54622,-0.137171,0.541716,-0.146849,0.536656,-0.157217,0.530951,-0.168337,0.635605,-0.180275,0.579661,-0.304212,0.548799,-0.317999,0.527008,-0.33282,0.508648,-0.348743,0.491199,-0.365826,0.473278,-0.384111,0.453964,-0.403604,0.424264,-0.416,0.401379,-0.437712,0.374817,-0.460257,0.344077,-0.483275,0.308697,-0.506231,0.268328,-0.528392,0.222834,-0.548822,0.172409,-0.566431,0.11767,-0.580084,0.0597022,-0.588758,-0,-0.591736,-0.0597022,-0.588758,-0.109405,-0.580084,-0.165464,-0.574696,-0.216917,-0.557086,-0.263226,-0.536656,-0.304253,-0.514496,-0.347984,-0.487633,
0.591991,-0.108306,0.586793,-0.112843,0.586066,-0.115207,0.585262,-0.11767,0.584369,-0.120238,0.583368,-0.122918,0.582237,-0.125717,0.580945,-0.128644,0.579449,-0.131707,0.57769,-0.134916,0.575584,-0.13828,0.573001,-0.141811,0.56974,-0.145521,0.565471,-0.149425,0.559615,-0.153536,0.551081,-0.15787,0.537591,-0.162447,0.513708,-0.167286,0.463585,-0.172409,0.323038,0.0721605,0.571217,0.0663945,0.56921,0.0602633,0.566992,0.0537337,0.564532,0.0467683,0.561798,0.0393259,0.558746,0.0313604,0.555328,0.0228203,0.551487,0.0136484,0.547153,0.00378119,0.792243,-0.00685181,0.647767,-0.268328,0.592773,-0.280733,0.562945,-0.294157,0.542274,-0.308697,0.525115,-0.324455,0.50894,-0.341526,0.492346,-0.36,0.464374,-0.369943,0.445976,-0.391379,0.424264,-0.414264,0.398618,-0.438446,0.368364,-0.463611,0.33282,-0.48923,0.291386,-0.514494,0.243683,-0.538287,0.189737,-0.55921,0.130158,-0.575712,0.0662589,-0.58633,-0,-0.59,-0.0562589,-0.58633,-0.121894,-0.585712,-0.182792,-0.56921,-0.237766,-0.548287,-0.286284,-0.524494,-0.328376,-0.49923,-0.372271,-0.469705,
0.594104,-0.0963718,0.588993,-0.10068,0.588357,-0.102805,0.587651,-0.10502,0.586862,-0.107331,0.585972,-0.109745,0.584959,-0.112267,0.583792,-0.114906,0.582431,-0.11767,0.580817,-0.120566,0.578865,-0.123606,0.576448,-0.1268,0.573367,-0.130158,0.56929,-0.133695,0.563642,-0.137424,0.555332,-0.14136,0.542086,-0.145521,0.518466,-0.149927,0.46863,-0.154598,0.328396,-0.159557,0.576914,-0.164833,0.575279,-0.170453,0.573467,-0.176452,0.571454,-0.182865,0.56921,-0.189737,0.566698,-0.197112,0.563876,-0.205046,0.560693,-0.213597,0.557086,-0.222834,0.802981,-0.232834,0.659398,-0.243683,0.605391,-0.255478,0.576656,-0.268328,0.55719,-0.282353,0.541354,-0.297683,0.52662,-0.314458,0.49923,-0.320474,0.485242,-0.340557,0.468521,-0.362471,0.448446,-0.386273,0.424264,-0.411918,0.395103,-0.4392,0.36,-0.467654,0.317999,-0.496453,0.268328,-0.524311,0.210674,-0.549452,0.145521,-0.56974,0.0744208,-0.583021,0.0123457,-0.587654,-0.0644208,-0.595367,-0.137257,-0.582086,-0.20373,-0.561798,-0.262411,-0.536656,-0.312897,-0.508799,-0.355556,-0.48,-0.399009,-0.44764,
0.595987,-0.0843166,0.590954,-0.0883868,0.590401,-0.0902652,0.589783,-0.0922242,0.589088,-0.094269,0.588298,-0.0964054,0.587392,-0.0986394,0.58634,-0.100978,0.585101,-0.103428,0.583618,-0.105998,0.581807,-0.108697,0.579542,-0.111535,0.576624,-0.114522,0.572723,-0.11767,0.567266,-0.120992,0.559163,-0.124503,0.54614,-0.128218,0.522765,-0.132157,0.473194,-0.136338,0.333249,-0.140784,0.582086,-0.145521,0.580798,-0.150577,0.579369,-0.155984,0.577778,-0.161778,0.576,-0.168,0.574004,-0.174697,0.571755,-0.181922,0.56921,-0.189737,0.566315,-0.19821,0.813006,-0.207423,0.670314,-0.217468,0.617307,-0.22845,0.589694,-0.240491,0.571488,-0.253731,0.557064,-0.268328,0.528283,-0.268835,0.518267,-0.286698,0.506197,-0.3065,0.491539,-0.328452,0.473611,-0.352739,0.451546,-0.379478,0.424264,-0.408639,0.390475,-0.439929,0.348743,-0.472615,0.297683,-0.505321,0.236352,-0.535862,0.164833,-0.561289,0.100478,-0.578345,0.0123457,-0.6,-0.0748528,-0.59397,-0.156568,-0.576914,-0.229407,-0.551487,-0.291766,-0.520946,-0.343641,-0.48824,-0.38603,-0.455554,-0.42817,-0.420358,
0.597634,-0.0721533,0.59267,-0.0759791,0.59219,-0.0776035,0.59165,-0.0792982,0.591038,-0.0810679,0.590337,-0.0829176,0.589525,-0.0848528,0.588575,-0.0868795,0.587445,-0.0890043,0.586079,-0.0912343,0.584393,-0.0935775,0.582263,-0.0960427,0.579491,-0.0986394,0.575748,-0.101378,0.570462,-0.104271,0.562544,-0.107331,0.549723,-0.110573,0.526568,-0.114013,0.477237,-0.11767,0.337556,-0.121563,0.586681,-0.125717,0.585712,-0.130158,0.584635,-0.134916,0.583432,-0.140024,0.582086,-0.145521,0.58057,-0.151453,0.578858,-0.15787,0.576914,-0.164833,0.574696,-0.172409,0.82215,-0.180679,0.680321,-0.189737,0.628294,-0.199692,0.601798,-0.210674,0.584864,-0.222834,0.551487,-0.215943,0.544776,-0.231027,0.536656,-0.24792,0.526737,-0.266903,0.514496,-0.288289,0.49923,-0.312412,0.48,-0.339592,0.455554,-0.370067,0.424264,-0.403856,0.384111,-0.440525,0.33282,-0.478822,0.268328,-0.516248,0.210145,-0.548802,0.114264,-0.591836,0.0123457,-0.6,-0.0886394,-0.591836,-0.181472,-0.56921,-0.261384,-0.536656,-0.326903,-0.49923,-0.379009,-0.460933,-0.41982,-0.424264,-0.45946,-0.386569,
0.599039,-0.0598961,0.594133,-0.0634716,0.593717,-0.0648355,0.593244,-0.0662589,0.592703,-0.0677458,0.592078,-0.0693005,0.591349,-0.0709277,0.590485,-0.0726326,0.58945,-0.0744208,0.588185,-0.0762986,0.586608,-0.0782727,0.584595,-0.0803507,0.58195,-0.082541,0.578345,-0.0848528,0.573207,-0.0872964,0.565452,-0.0898832,0.552807,-0.0926261,0.529845,-0.0955395,0.480725,-0.0986394,0.341276,-0.101944,0.590657,-0.105474,0.589969,-0.109254,0.589204,-0.113308,0.588348,-0.11767,0.587388,-0.122373,0.586306,-0.127458,0.58508,-0.132973,0.583684,-0.138972,0.582086,-0.145521,0.830245,-0.152696,0.689222,-0.160586,0.638119,-0.1693,0.612688,-0.178965,0.56921,-0.161959,0.565045,-0.174024,0.560007,-0.18761,0.553846,-0.202991,0.54622,-0.220504,0.536656,-0.24055,0.524494,-0.263608,0.508799,-0.290222,0.48824,-0.320965,0.460933,-0.356333,0.424264,-0.396486,0.374817,-0.440744,0.327778,-0.472222,0.220408,-0.5,0.115625,-0.5,0.0123457,-0.5,-0.09,-0.5,-0.191736,-0.5,-0.293056,-0.5,-0.3689,-0.468521,-0.419162,-0.424264,-0.456488,-0.384111,-0.492146,-0.344837,
0.600195,-0.0475597,0.595339,-0.0508799,0.594974,-0.0519778,0.594557,-0.0531239,0.594076,-0.0543214,0.593514,-0.055574,0.592853,-0.0568855,0.592063,-0.05826,0.591105,-0.0597022,0.589924,-0.0612173,0.588439,-0.0628109,0.586524,-0.0644891,0.583985,-0.0662589,0.580495,-0.068128,0.575482,-0.0701047,0.567862,-0.0721988,0.555367,-0.0744208,0.532567,-0.0767828,0.483626,-0.0792982,0.344373,-0.0819824,0.59397,-0.0848528,0.593522,-0.0879292,0.593023,-0.0912343,0.592464,-0.0947943,0.591836,-0.0986394,0.591127,-0.102805,0.590322,-0.107331,0.589403,-0.112267,0.588348,-0.11767,0.83713,-0.123606,0.696823,-0.130158,0.64655,-0.137424,0.582086,-0.105521,0.579741,-0.114598,0.576914,-0.124833,0.573467,-0.136452,0.56921,-0.149737,0.563876,-0.165046,0.557086,-0.182834,0.548287,-0.203683,0.536656,-0.228328,0.520946,-0.257683,0.49923,-0.29282,0.468521,-0.334817,0.44,-0.36,0.327778,-0.4,0.220408,-0.4,0.115625,-0.4,0.0123457,-0.4,-0.09,-0.4,-0.191736,-0.4,-0.293056,-0.4,-0.394083,-0.4,-0.463419,-0.374817,-0.494786,-0.33282,-0.524852,-0.293777,
0.601099,-0.0351594,0.596281,-0.0382201,0.595958,-0.0390475,0.595585,-0.0399114,0.59515,-0.0408143,0.594639,-0.041759,0.594031,-0.0427482,0.593298,-0.0437854,0.592402,-0.044874,0.591288,-0.0460179,0.589874,-0.0472215,0.588037,-0.0484895,0.585582,-0.0498273,0.582183,-0.0512407,0.57727,-0.0527363,0.569758,-0.0543214,0.557381,-0.0560044,0.53471,-0.0577945,0.485911,-0.0597022,0.346815,-0.0617395,0.596585,-0.0639199,0.59633,-0.0662589,0.596045,-0.0687745,0.595726,-0.0714871,0.595367,-0.0744208,0.59496,-0.0776035,0.594498,-0.0810679,0.59397,-0.0848528,0.593362,-0.0890043,0.842658,-0.0935775,0.702947,-0.0986394,0.59087,-0.0417712,0.589723,-0.0480731,0.588348,-0.0551697,0.586681,-0.0632175,0.584635,-0.0724157,0.582086,-0.0830214,0.578858,-0.0953704,0.574696,-0.109909,0.56921,-0.127237,0.561798,-0.148174,0.551487,-0.173852,0.536656,-0.205828,0.5625,-0.2375,0.44,-0.3,0.327778,-0.3,0.220408,-0.3,0.115625,-0.3,0.0123457,-0.3,-0.09,-0.3,-0.191736,-0.3,-0.293056,-0.3,-0.394083,-0.3,-0.494898,-0.3,-0.532212,-0.268328,-0.555393,-0.232445,
0.601747,-0.0227108,0.596958,-0.0255088,0.596664,-0.0260623,0.596322,-0.0266404,0.595921,-0.0272446,0.595446,-0.0278768,0.594876,-0.0285391,0.594185,-0.0292335,0.593334,-0.0299626,0.592268,-0.0307289,0.590906,-0.0315353,0.589125,-0.0323852,0.586731,-0.033282,0.583398,-0.0342299,0.578556,-0.0352332,0.571123,-0.036297,0.558832,-0.037427,0.536255,-0.0386294,0.48756,-0.0399114,0.348578,-0.0412813,0.598475,-0.0427482,0.598361,-0.044323,0.598233,-0.0460179,0.598089,-0.0478471,0.597927,-0.0498273,0.597744,-0.0519778,0.597536,-0.0543214,0.597297,-0.0568855,0.597022,-0.0597022,0.846703,-0.0628109,0.707441,-0.0662589,0.59589,0.0410064,0.595367,0.0366903,0.594737,0.0318129,0.59397,0.0262583,0.593023,0.0198768,0.591836,0.0124717,0.590322,0.00377985,0.588348,-0.00655857,0.585712,-0.0190472,0.582086,-0.0344103,0.576914,-0.0537216,0.680321,-0.0786255,0.5625,-0.2,0.44,-0.2,0.327778,-0.2,0.220408,-0.2,0.115625,-0.2,0.0123457,-0.2,-0.09,-0.2,-0.191736,-0.2,-0.293056,-0.2,-0.394083,-0.2,-0.494898,-0.2,-0.564766,-0.189737,-0.580821,-0.160926,
0.602137,-0.0102297,0.597364,-0.0127631,0.597088,-0.0130404,0.596765,-0.01333,0.596385,-0.0136328,0.595932,-0.0139497,0.595386,-0.0142817,0.59472,-0.0146298,0.593895,-0.0149953,0.592858,-0.0153796,0.591528,-0.015784,0.589781,-0.0162103,0.587423,-0.0166602,0.58413,-0.0171359,0.579332,-0.0176394,0.571947,-0.0181735,0.559707,-0.0187409,0.537188,-0.0193448,0.488556,-0.0199889,0.349644,-0.0206774,0.599618,-0.0214149,0.599589,-0.022207,0.599557,-0.0230599,0.599521,-0.0239808,0.59948,-0.0249783,0.599434,-0.0260623,0.599381,-0.0272446,0.599321,-0.0285391,0.599251,-0.0299626,0.849171,-0.0315353,0.487965,-0.033282,0.348965,0.214767,0.598832,0.212573,0.598671,0.210089,0.598475,0.207252,0.598233,0.203982,0.597927,0.200173,0.597536,0.195679,0.597022,0.190298,0.59633,0.183741,0.595367,0.175579,0.84397,0.165147,0.702947,-0.0986394,0.5625,-0.1,0.44,-0.1,0.327778,-0.1,0.220408,-0.1,0.115625,-0.1,0.0123457,-0.1,-0.09,-0.1,-0.191736,-0.1,-0.293056,-0.1,-0.394083,-0.1,-0.494898,-0.1,-0.587392,-0.0986394,-0.597876,-0.0809466,
0.602268,0.00226757,0.5975,-0,0.59723,-0,0.596914,-0,0.59654,-0,0.596094,-0,0.595556,-0,0.594898,-0,0.594083,-0,0.593056,-0,0.591736,-0,0.59,-0,0.587654,-0,0.584375,-0,0.579592,-0,0.572222,-0,0.56,-0,0.5375,-0,0.488889,-0,0.35,-0,0.6,-0,0.6,-0,0.6,-0,0.6,-0,0.6,-0,0.6,-0,0.6,-0,0.6,-0,0.6,-0,0.85,-0,0.488889,-0,0.35,-0,0.6,-0,0.6,-0,0.6,-0,0.6,-0,0.6,-0,0.6,-0,0.6,-0,0.6,-0,0.6,-0,0.85,-0,0.711111,-0,0.5625,-0,0.44,-0,0.327778,-0,0.220408,-0,0.115625,-0,0.0123457,-0,-0.09,-0,-0.191736,-0,-0.293056,-0,-0.394083,-0,-0.494898,-0,-0.595556,-0,-0.603906,0.00390625,
0.602137,0.0147649,0.597364,0.0127631,0.597088,0.0130404,0.596765,0.01333,0.596385,0.0136328,0.595932,0.0139497,0.595386,0.0142817,0.59472,0.0146298,0.593895,0.0149953,0.592858,0.0153796,0.591528,0.015784,0.589781,0.0162103,0.587423,0.0166602,0.58413,0.0171359,0.579332,0.0176394,0.571947,0.0181735,0.559707,0.0187409,0.537188,0.0193448,0.488556,0.0199889,0.349644,-0.229323,0.599618,-0.228585,0.599589,-0.227793,0.599557,-0.22694,0.599521,-0.226019,0.59948,-0.225022,0.599434,-0.223938,0.599381,-0.222755,0.599321,-0.221461,0.599251,-0.220037,0.849171,-0.218465,0.487965,0.033282,0.348965,0.0352332,0.598832,0.037427,0.598671,0.0399114,0.598475,0.0427482,0.598233,0.0460179,0.597927,0.0498273,0.597536,0.0543214,0.597022,0.0597022,0.59633,0.0662589,0.595367,0.0744208,0.84397,0.0848528,0.702947,0.0986394,0.5625,0.1,0.44,0.1,0.327778,0.1,0.220408,0.1,0.115625,0.1,0.0123457,0.1,-0.09,0.1,-0.191736,0.1,-0.293056,0.1,-0.394083,0.1,-0.494898,0.1,-0.587392,0.0986394,-0.597876,0.0887591,
0.601747,0.0272459,0.596958,0.0255088,0.596664,0.0260623,0.596322,0.0266404,0.595921,0.0272446,0.595446,0.0278768,0.594876,0.0285391,0.594185,0.0292335,0.593334,0.0299626,0.592268,0.0307289,0.590906,0.0315353,0.589125,0.0323852,0.586731,0.033282,0.583398,0.0342299,0.578556,0.0352332,0.571123,0.036297,0.558832,0.037427,0.536255,0.0386294,0.48756,-0.0711997,0.598578,-0.0698299,0.598475,-0.0683629,0.598361,-0.0667881,0.598233,-0.0650932,0.598089,-0.063264,0.597927,-0.0612838,0.597744,-0.0591333,0.597536,-0.0567897,0.597297,-0.0542257,0.597022,-0.0514089,0.596703,-0.0483002,0.485219,0.0662589,0.34589,0.0701047,0.595367,0.0744208,0.594737,0.0792982,0.59397,0.0848528,0.593023,0.0912343,0.591836,0.0986394,0.590322,0.107331,0.588348,0.11767,0.585712,0.130158,0.582086,0.145521,0.826914,0.164833,0.680321,0.189737,0.5625,0.2,0.44,0.2,0.327778,0.2,0.220408,0.2,0.115625,0.2,0.0123457,0.2,-0.09,0.2,-0.191736,0.2,-0.293056,0.2,-0.394083,0.2,-0.494898,0.2,-0.564766,0.189737,-0.580821,0.168739,
0.601099,0.0396945,0.596281,0.0382201,0.595958,0.0390475,0.595585,0.0399114,0.59515,0.0408143,0.594639,0.041759,0.594031,0.0427482,0.593298,0.0437854,0.592402,0.044874,0.591288,0.0460179,0.589874,0.0472215,0.588037,0.0484895,0.585582,0.0498273,0.582183,0.0512407,0.57727,0.0527363,0.569758,0.0543214,0.557381,0.0560044,0.53471,-0.00470548,0.597022,-0.00279777,0.596815,-0.000760509,0.596585,0.00141987,0.59633,0.00375892,0.596045,0.00627446,0.595726,0.00898713,0.595367,0.0119208,0.59496,0.0151035,0.594498,0.0185679,0.59397,0.0223528,0.593362,0.0265043,0.592658,0.0310775,0.480725,0.0986394,0.34087,0.104271,0.589723,0.110573,0.588348,0.11767,0.586681,0.125717,0.584635,0.134916,0.582086,0.145521,0.578858,0.15787,0.574696,0.172409,0.56921,0.189737,0.561798,0.210674,0.801487,0.236352,0.647767,0.268328,0.5625,0.3,0.44,0.3,0.327778,0.3,0.220408,0.3,0.115625,0.3,0.0123457,0.3,-0.09,0.3,-0.191736,0.3,-0.293056,0.3,-0.394083,0.3,-0.494898,0.3,-0.532212,0.268328,-0.555393,0.240258,
0.600195,0.0520949,0.595339,0.0508799,0.594974,0.0519778,0.594557,0.0531239,0.594076,0.0543214,0.593514,0.055574,0.592853,0.0568855,0.592063,0.05826,0.591105,0.0597022,0.589924,0.0612173,0.588439,0.0628109,0.586524,0.0644891,0.583985,0.0662589,0.580495,0.068128,0.575482,0.0701047,0.567862,0.0721988,0.555367,0.0344208,0.595067,0.0367828,0.594737,0.0392982,0.594373,0.0419824,0.59397,0.0448528,0.593522,0.0479292,0.593023,0.0512343,0.592464,0.0547943,0.591836,0.0586394,0.591127,0.0628047,0.590322,0.0673313,0.589403,0.0722673,0.588348,0.0776697,0.52463,0.123606,0.474601,0.130158,0.33405,0.137424,0.582086,0.145521,0.579741,0.154598,0.576914,0.164833,0.573467,0.176452,0.56921,0.189737,0.563876,0.205046,0.557086,0.222834,0.548287,0.243683,0.536656,0.268328,0.770946,0.297683,0.610341,0.33282,0.531021,0.374817,0.44,0.4,0.327778,0.4,0.220408,0.4,0.115625,0.4,0.0123457,0.4,-0.09,0.4,-0.191736,0.4,-0.293056,0.4,-0.394083,0.4,-0.463419,0.374817,-0.494786,0.33282,-0.524852,0.30159,
0.599039,0.0644312,0.594133,0.0634716,0.593717,0.0648355,0.593244,0.0662589,0.592703,0.0677458,0.592078,0.0693005,0.591349,0.0709277,0.590485,0.0726326,0.58945,0.0744208,0.588185,0.0762986,0.586608,0.0782727,0.584595,0.0803507,0.58195,0.082541,0.578345,0.0848528,0.573207,0.0872964,0.565452,0.0621054,0.592807,0.0648484,0.592345,0.0677617,0.591836,0.0708616,0.591276,0.0741664,0.590657,0.0776966,0.589969,0.0814758,0.589204,0.0855307,0.588348,0.0898919,0.587388,0.0945948,0.586306,0.09968,0.58508,0.105195,0.583684,0.111195,0.542086,0.145521,0.517745,0.152696,0.467,0.160586,0.325619,0.1693,0.572688,0.178965,0.56921,0.189737,0.565045,0.201802,0.560007,0.215387,0.553846,0.230769,0.54622,0.248282,0.536656,0.268328,0.524494,0.291386,0.508799,0.317999,0.73824,0.348743,0.572044,0.384111,0.486764,0.424264,0.414817,0.468521,0.327778,0.5,0.220408,0.5,0.115625,0.5,0.0123457,0.5,-0.09,0.5,-0.191736,0.5,-0.293056,0.5,-0.3689,0.468521,-0.419162,0.424264,-0.456488,0.384111,-0.492146,0.352649,
0.597634,0.0766884,0.59267,0.0759791,0.59219,0.0776035,0.59165,0.0792982,0.591038,0.0810679,0.590337,0.0829176,0.589525,0.0848528,0.588575,0.0868795,0.587445,0.0890043,0.586079,0.0912343,0.584393,0.0935775,0.582263,0.0960427,0.579491,0.0986394,0.575748,0.101378,0.570462,0.083863,0.590322,0.0869231,0.589723,0.090165,0.589068,0.093605,0.588348,0.0972615,0.587556,0.101155,0.586681,0.105309,0.585712,0.10975,0.584635,0.114508,0.583432,0.119616,0.582086,0.125113,0.58057,0.131045,0.578858,0.137462,0.549137,0.164833,0.534696,0.172409,0.50965,0.180679,0.458099,0.189737,0.315794,0.199692,0.561798,0.210674,0.557086,0.222834,0.551487,0.236352,0.544776,0.251435,0.536656,0.268328,0.526737,0.287311,0.514496,0.308697,0.49923,0.33282,0.48,0.36,0.705554,0.390475,0.535375,0.424264,0.446611,0.460933,0.37282,0.49923,0.296106,0.536656,0.210145,0.56921,0.114264,0.591836,0.0123457,0.6,-0.0886394,0.591836,-0.181472,0.56921,-0.261384,0.536656,-0.326903,0.49923,-0.379009,0.460933,-0.41982,0.424264,-0.45946,0.394381,
0.595987,0.0888517,0.590954,0.0883868,0.590401,0.0902652,0.589783,0.0922242,0.589088,0.094269,0.588298,0.0964054,0.587392,0.0986394,0.58634,0.100978,0.585101,0.103428,0.583618,0.105998,0.581807,0.108697,0.579542,0.111535,0.576624,0.114522,0.572723,0.102045,0.587674,0.105367,0.58694,0.108878,0.58614,0.112593,0.585265,0.116532,0.584305,0.120713,0.583249,0.125159,0.582086,0.129896,0.580798,0.134952,0.579369,0.140359,0.577778,0.146153,0.576,0.152375,0.574004,0.159072,0.551347,0.181922,0.541432,0.189737,0.526315,0.19821,0.500506,0.207423,0.448092,0.217468,0.304807,0.22845,0.549694,0.240491,0.54371,0.253731,0.536656,0.268328,0.528283,0.28446,0.518267,0.302323,0.506197,0.322125,0.491539,0.344077,0.473611,0.368364,0.451546,0.395103,0.674264,0.424264,0.501586,0.455554,0.411243,0.48824,0.337683,0.520946,0.264129,0.551487,0.185241,0.576914,0.100478,0.59397,0.0123457,0.6,-0.0748528,0.59397,-0.156568,0.576914,-0.229407,0.551487,-0.291766,0.520946,-0.343641,0.48824,-0.38603,0.455554,-0.42817,0.42817,
0.594104,0.100907,0.588993,0.10068,0.588357,0.102805,0.587651,0.10502,0.586862,0.107331,0.585972,0.109745,0.584959,0.112267,0.583792,0.114906,0.582431,0.11767,0.580817,0.120566,0.578865,0.123606,0.576448,0.1268,0.573367,0.117813,0.584915,0.121349,0.58405,0.125078,0.58311,0.129014,0.582086,0.133176,0.580966,0.137581,0.579741,0.142252,0.578396,0.147212,0.576914,0.152487,0.575279,0.158107,0.573467,0.164106,0.571454,0.17052,0.56921,0.177391,0.551073,0.197112,0.543468,0.205046,0.532915,0.213597,0.517086,0.222834,0.490481,0.232834,0.437176,0.243683,0.292891,0.255478,0.536656,0.268328,0.529412,0.282353,0.520946,0.297683,0.510995,0.314458,0.49923,0.33282,0.485242,0.352903,0.468521,0.374817,0.448446,0.398618,0.424264,0.424264,0.645103,0.451546,0.471111,0.48,0.380499,0.508799,0.308328,0.536656,0.238452,0.561798,0.16593,0.582086,0.0900458,0.595367,0.0123457,0.6,-0.0644208,0.595367,-0.137257,0.582086,-0.20373,0.561798,-0.262411,0.536656,-0.312897,0.508799,-0.355556,0.48,-0.399009,0.455452,
0.591991,0.112841,0.586793,0.112843,0.586066,0.115207,0.585262,0.11767,0.584369,0.120238,0.583368,0.122918,0.582237,0.125717,0.580945,0.128644,0.579449,0.131707,0.57769,0.134916,0.575584,0.13828,0.573001,0.131811,0.582086,0.135521,0.581096,0.139425,0.580023,0.143536,0.578858,0.14787,0.577591,0.152447,0.576208,0.157286,0.574696,0.162409,0.573038,0.16784,0.571217,0.173606,0.56921,0.179737,0.566992,0.186266,0.564532,0.193232,0.549452,0.210674,0.543121,0.21864,0.53492,0.22718,0.523709,0.236352,0.507153,0.246219,0.479743,0.256852,0.425545,0.268328,0.280273,0.0307326,0.522945,0.0441567,0.514496,0.0586975,0.504707,0.0744546,0.493315,0.091526,0.48,0.11,0.464374,0.129943,0.445976,0.151379,0.424264,0.174264,0.398618,0.198446,0.618364,0.223611,0.443931,0.49923,0.353886,0.524494,0.283683,0.548287,0.217514,0.56921,0.150566,0.585712,0.0818839,0.59633,0.0123457,0.6,-0.0562589,0.59633,-0.121894,0.585712,-0.182792,0.56921,-0.237766,0.548287,-0.286284,0.524494,-0.328376,0.49923,-0.372271,0.477518,
0.589656,0.12464,0.584364,0.124865,0.583536,0.127458,0.582626,0.130158,0.58162,0.132973,0.580499,0.135908,0.579239,0.138972,0.57781,0.142174,0.576168,0.145521,0.574254,0.149025,0.57198,0.144432,0.579218,0.148281,0.578111,0.152322,0.576914,0.156568,0.575619,0.161035,0.574215,0.16574,0.572688,0.170701,0.571025,0.175937,0.56921,0.181472,0.567224,0.18733,0.565045,0.193537,0.562649,0.200124,0.560007,0.207123,0.547086,0.222834,0.5415,0.230769,0.534617,0.239236,0.525812,0.248282,0.513939,0.25796,0.496656,0.268328,0.468451,0.279448,0.413383,0.180275,0.517161,0.193101,0.508799,0.206888,0.49923,0.221709,0.48824,0.237632,0.475574,0.254715,0.460933,0.273,0.443964,0.292493,0.424264,0.313153,0.401379,0.334865,0.374817,0.35741,0.344077,0.380428,0.419809,0.403385,0.330828,0.536656,0.262834,0.557086,0.200187,0.574696,0.138078,0.588348,0.0753272,0.597022,0.0123457,0.6,-0.0497022,0.597022,-0.109405,0.588348,-0.165464,0.574696,-0.216917,0.557086,-0.263226,0.536656,-0.304253,0.514496,-0.347984,0.495445,
0.587107,0.136293,0.581713,0.136731,0.580777,0.139544,0.579753,0.142472,0.578625,0.145521,0.577375,0.1487,0.575979,0.152016,0.574404,0.155477,0.572606,0.159094,0.570525,0.155932,0.576339,0.15989,0.575122,0.164038,0.573811,0.168387,0.572396,0.172952,0.570867,0.177748,0.56921,0.182792,0.567412,0.188103,0.565457,0.193701,0.563326,0.199608,0.560999,0.205848,0.558451,0.212447,0.555655,0.219434,0.544316,0.233784,0.539189,0.241643,0.533093,0.249993,0.525656,0.258873,0.516248,0.268328,0.503721,0.278404,0.48573,0.289151,0.456756,0.238122,0.511969,0.25037,0.503742,0.263451,0.494425,0.277417,0.483843,0.292318,0.471791,0.308193,0.458032,0.325065,0.442292,0.342935,0.424264,0.361764,0.403604,0.381464,0.379943,0.401874,0.352903,0.422742,0.322125,0.443697,0.287311,0.464237,0.310782,0.48372,0.245046,0.563876,0.185648,0.578858,0.127739,0.590322,0.0699464,0.597536,0.0123457,0.6,-0.0443214,0.597536,-0.0990668,0.590322,-0.150926,0.578858,-0.199129,0.563876,-0.24318,0.54622,-0.282867,0.526737,-0.326032,0.510103,
0.584353,0.147789,0.578851,0.14843,0.5778,0.151453,0.576655,0.154598,0.575398,0.15787,0.574012,0.161279,0.57247,0.164833,0.57074,0.168539,0.568779,0.166492,0.573467,0.170534,0.57215,0.174762,0.570734,0.179186,0.56921,0.183819,0.567568,0.188677,0.565794,0.193775,0.563876,0.199129,0.561798,0.204757,0.559541,0.210679,0.557086,0.216917,0.55441,0.223494,0.551487,0.230434,0.541342,0.243683,0.536511,0.251435,0.530914,0.259639,0.524311,0.268328,0.516326,0.27754,0.506329,0.287311,0.493168,0.297683,0.474496,0.268697,0.507293,0.280396,0.49923,0.29282,0.490181,0.30601,0.48,0.32,0.468521,0.334817,0.455554,0.350475,0.440882,0.366968,0.424264,0.384264,0.405435,0.402292,0.384111,0.420933,0.36,0.44,0.33282,0.45923,0.302323,0.478267,0.268328,0.496656,0.230769,0.513846,0.229737,0.52921,0.173299,0.582086,0.119048,0.591836,0.0654523,0.597927,0.0123457,0.6,-0.0398273,0.597927,-0.0903749,0.591836,-0.138577,0.582086,-0.183819,0.56921,-0.225667,0.553846,-0.263884,0.536656,-0.306229,0.522174,
0.581403,0.159117,0.575787,0.159952,0.574616,0.163174,0.573342,0.166524,0.57195,0.170008,0.570421,0.173634,0.568727,0.17741,0.566836,0.176244,0.57062,0.18035,0.56921,0.184635,0.567698,0.189111,0.566076,0.19379,0.564332,0.198685,0.562455,0.20381,0.560431,0.20918,0.558245,0.214813,0.55588,0.220724,0.553317,0.226934,0.550533,0.233462,0.547506,0.240332,0.538288,0.252667,0.533657,0.260289,0.528392,0.268328,0.52233,0.276812,0.51523,0.28577,0.506713,0.295234,0.496148,0.305238,0.482381,0.288035,0.503066,0.299215,0.495184,0.311033,0.486408,0.323517,0.476615,0.336692,0.465668,0.350578,0.453413,0.365181,0.439676,0.380493,0.424264,0.396486,0.406968,0.413104,0.387565,0.430254,0.365826,0.447797,0.341526,0.465538,0.314458,0.483217,0.28446,0.500505,0.251435,0.516998,0.215387,0.53223,0.176452,0.54569,0.162693,0.556857,0.111642,0.593023,0.0616429,0.598233,0.0123457,0.6,-0.0360179,0.598233,-0.0829698,0.593023,-0.127971,0.584635,-0.170534,0.573467,-0.210285,0.560007,-0.24699,0.544776,-0.288366,0.532189,
0.578268,0.170268,0.572531,0.171286,0.571234,0.174697,0.569828,0.17824,0.568295,0.181922,0.566617,0.185752,0.564766,0.185292,0.56781,0.189442,0.566315,0.193766,0.564717,0.198274,0.563006,0.202979,0.561172,0.207891,0.559203,0.213023,0.557086,0.21839,0.554807,0.224005,0.552349,0.229885,0.549694,0.236047,0.546822,0.242508,0.54371,0.249287,0.535229,0.260849,0.530739,0.268328,0.525708,0.27619,0.520018,0.28446,0.513504,0.293162,0.505922,0.302323,0.496894,0.311968,0.485789,0.301717,0.49923,0.312412,0.491539,0.323669,0.483034,0.335511,0.473611,0.347956,0.463158,0.361016,0.451546,0.374695,0.438633,0.388983,0.424264,0.403856,0.408271,0.419268,0.390475,0.435146,0.370693,0.451383,0.348743,0.467832,0.324455,0.484299,0.297683,0.500538,0.268328,0.516248,0.236352,0.531079,0.201802,0.544637,0.164833,0.556506,0.125717,0.566273,0.105261,0.573562,0.0583732,0.598475,0.0123457,0.6,-0.0327482,0.598475,-0.0765884,0.59397,-0.118773,0.586681,-0.158916,0.576914,-0.1967,0.565045,-0.231907,0.551487,-0.272234,0.540563,
0.574956,0.181233,0.569096,0.182424,0.567668,0.186012,0.566124,0.189737,0.564446,0.193604,0.562614,0.193717,0.565045,0.197896,0.563474,0.202243,0.561798,0.206768,0.560007,0.211481,0.558093,0.216394,0.556044,0.221517,0.553846,0.226863,0.551487,0.232445,0.548951,0.238278,0.54622,0.244376,0.543275,0.250754,0.540096,0.25743,0.532212,0.268328,0.527829,0.275654,0.522971,0.283333,0.51755,0.291386,0.511447,0.299833,0.504496,0.308697,0.496453,0.317999,0.486941,0.312136,0.495736,0.322377,0.48824,0.333118,0.48,0.344375,0.47093,0.356162,0.460933,0.368486,0.449903,0.381348,0.437722,0.39474,0.424264,0.408639,0.409391,0.423008,0.392958,0.437788,0.374817,0.452896,0.354818,0.468218,0.33282,0.483605,0.308697,0.498871,0.282353,0.513787,0.253731,0.528085,0.222834,0.541461,0.189737,0.553585,0.154598,0.564116,0.11767,0.572723,0.0792982,0.579112,0.0555364,0.583046,0.0123457,0.6,-0.0299114,0.598671,-0.0710338,0.594737,-0.110725,0.588348,-0.14868,0.579741,-0.184635,0.56921,-0.21839,0.557086,-0.257638,0.547616,
0.566942,0.189737,0.56549,0.193358,0.563928,0.197112,0.562242,0.201006,0.560416,0.201586,0.562333,0.20578,0.560693,0.210137,0.558947,0.214665,0.557086,0.219374,0.555101,0.224274,0.552981,0.229374,0.550714,0.234686,0.548287,0.240223,0.545685,0.245996,0.542891,0.252018,0.539888,0.258304,0.536656,0.264868,0.529266,0.275186,0.524967,0.282353,0.520245,0.289846,0.515029,0.297683,0.50923,0.305881,0.502731,0.314458,0.495363,0.323432,0.486884,0.320474,0.492543,0.330293,0.485242,0.340557,0.477259,0.35128,0.468521,0.362471,0.458947,0.374136,0.448446,0.386273,0.43692,0.398873,0.424264,0.411918,0.410365,0.425377,0.395103,0.4392,0.378356,0.453323,0.36,0.467654,0.339917,0.482079,0.317999,0.496453,0.294157,0.5106,0.268328,0.524311,0.240491,0.537349,0.210674,0.549452,0.178965,0.560342,0.145521,0.56974,0.110573,0.577378,0.0744208,0.583021,0.037427,0.586486,0.0123457,0.587654,-0.027427,0.598832,-0.0661564,0.595367,-0.103629,0.589723,-0.139604,0.582086,-0.173863,0.572688,-0.20623,0.561798,-0.236585,0.549694,
